TAGTAGTTGCTCTTGGACGGTGG,TAGTAGTTTCTCTTGGACGGTGG,15;0;10;15;0;10;15;15;11;5;15;5;15;15;10;10;0;5;10;10;15;10;10
AGGATTCCCCCCAACCCCACAGG,AGGATTCCCACCAACCCCTCAGG,0;10;10;0;15;15;5;5;5;4;5;5;0;0;5;5;5;5;3;5;0;10;10
GATTAGGAGGTACAAGAGACAGG,GATTAGGTCGTACAAGAGACAGG,10;0;15;15;0;10;10;3;9;10;15;0;5;0;0;10;0;10;0;5;0;10;10
CCCAAGTGCTCGTCACAACGTGG,CCTAAGTGCTCGTCACAACGTTG,5;5;7;0;0;10;15;10;5;15;5;10;15;5;0;5;0;0;5;10;15;11;10
GCCGTGTACGGTGAAGAAAAGGG,GCTGTGTAAGGTGAAGAAAAGGG,10;5;7;10;15;10;15;0;4;10;10;15;10;0;0;10;0;0;0;0;10;10;10
CGGAGAGGATACCCCCCCAGCGG,CGGAGATGATACCCGCCCAGCGG,5;10;10;0;10;0;11;10;0;15;0;5;5;5;6;5;5;5;0;10;5;10;10
GAGGGGGAGTTCAATGGAAAAGG,GAGGTGGAGTTAAATGGAAAAGG,10;0;10;10;11;10;10;0;10;15;15;4;0;0;15;10;10;0;0;0;0;10;10
AGAGCATGCCCCCTGCGGGAAGG,AGTGCATGCCCCCTGCAGGAAGG,0;10;3;10;5;0;15;10;5;5;5;5;5;15;10;5;8;10;10;0;0;10;10
ACTTGCATTCCCGTGCACAATGG,ACTTGCATTCCCGTGCACACTGG,0;5;15;15;10;5;0;15;15;5;5;5;10;15;10;5;0;5;0;1;15;10;10
CTGTGGCCCTTGGTTCCAGGCGG,CTGAGGCCCTTGGTTCCAGGCTG,5;15;10;12;10;10;5;5;5;15;15;10;10;15;15;5;5;0;10;10;5;11;10
AGCCTTCATGTGGTTCAACATGG,AGCCTGCATGTGGTTCAAAATGG,0;10;5;5;15;14;5;0;15;10;15;10;10;15;15;5;0;0;4;0;15;10;10
TGTCCTCCTGAGGTTACGACTGG,TGTCCTCCTGAGGTGACGACTGG,15;10;15;5;5;15;5;5;15;10;0;10;10;15;14;0;5;10;0;5;15;10;10
TCTGTTGTTGTTCCAGCCCGGGG,TCTGTTGTTGTCTCAGCCCGGGG,15;5;15;10;15;15;10;15;15;10;15;13;7;5;0;10;5;5;5;10;10;10;10
TCTCCCGACGTCCGGTAGCCGGG,TCTCCCGACGTCCGGAAGTCGGG,15;5;15;5;5;5;10;0;5;10;15;5;5;10;10;12;0;10;7;5;10;10;10
AGGCCACCGGCCTGGAAGAAAGG,AGGCCACCGGCCTGGCAGAAAGG,0;10;10;5;5;0;5;5;10;10;5;5;15;10;10;1;0;10;0;0;0;10;10
AGTTGAATTGAAATGAGACAAGG,AGATGAAGTGAAATGAGACAAGG,0;10;12;15;10;0;0;14;15;10;0;0;0;15;10;0;10;0;5;0;0;10;10
GGCCTCCCGTGATTCGGAAAAGG,GGCCTCCCGTGGTTCGGACAAGG,10;10;5;5;15;5;5;5;10;15;10;2;15;15;5;10;10;0;1;0;0;10;10
CCCAGGTTTGGGGTAACCCCCGG,CCCAGGTTTGGCGTAACCCCCGG,5;5;5;0;10;10;15;15;15;10;10;9;10;15;0;0;5;5;5;5;5;10;10
CCACTTGAAAGACATCCGCCAGG,CCACTCGAAAGACACCCGCCAGG,5;5;0;5;15;13;10;0;0;0;10;0;5;0;13;5;5;10;5;5;0;10;10
GCTCTTCCCGCCTAAAACGATGG,GCTCTTCCCGCGTAAAACGATGG,10;5;15;5;15;15;5;5;5;10;5;6;15;0;0;0;0;5;10;0;15;10;10
AGAAGAGTAGCCGTGCCCCGGGG,AGAAGAGTAGCCGTGCCACGGGG,0;10;0;0;10;0;10;15;0;10;5;5;10;15;10;5;5;4;5;10;10;10;10
CCCAGCTTTCCACTTGAAAGAGG,CCCAGCTTTCCGCTTGAAAGAGG,5;5;5;0;10;5;15;15;15;5;5;2;5;15;15;10;0;0;0;10;0;10;10
GAGAGGACGACTCAGCGAAATGG,GAGAGGCCGACTCAGCGAAATGG,10;0;10;0;10;10;1;5;10;0;5;15;5;0;10;5;10;0;0;0;15;10;10
TGTAACCACCCTCAAGGCGCTGG,TGTAACAACCCTCAAGGCGCTGG,15;10;15;0;0;5;4;0;5;5;5;15;5;0;0;10;10;5;10;5;15;10;10
CGCAGCTGTTCCGAATGGCAAGG,CGCAGCTGTTCCCAATGGCAAGG,5;10;5;0;10;5;15;10;15;15;5;5;9;0;0;15;10;10;5;0;0;10;10
CGGCCGGGCAGAATGAAACATGG,CGGCCGGGCAGAATGAACCATGG,5;10;10;5;5;10;10;10;5;0;10;0;0;15;10;0;0;1;5;0;15;10;10
TGGAGCCAGTAATCCCAGGCAGG,TGGAGCCAGTAATCCCGGACAGG,15;10;10;0;10;5;5;0;10;15;0;0;15;5;5;5;2;10;8;5;0;10;10
ACGAGCGGCACCCGCCGGGCCGG,ACGAGCGGCACCCACCGTGCCGG,0;5;10;0;10;5;10;10;5;0;5;5;5;8;5;5;10;11;10;5;5;10;10
CAGTAGCATTGCTGGAGGAATGG,CAGTATCATTGCTGGAGGAATGG,5;0;10;15;0;11;5;0;15;15;10;5;15;10;10;0;10;10;0;0;15;10;10
GGGTGAATCCGCAAACCAGAAGG,GGGTGAATCCGCAACCCAGAAGG,10;10;10;15;10;0;0;15;5;5;10;5;0;0;1;5;5;0;10;0;0;10;10
CGAGAAAAAGGGTTCAAGGCAGG,CGAGAAAAAGGGTTCAAGGCGGG,5;10;0;10;0;0;0;0;0;10;10;10;15;15;5;0;0;10;10;5;2;10;10
CGGGAAGTGAATTAGAAAGATGG,CGAGAAGTGAATTAGAAAGATGG,5;10;8;10;0;0;10;15;10;0;0;15;15;0;10;0;0;0;10;0;15;10;10
TGTGCTCAAAGTAGGCCCGCTGG,TGTGCCCAAAGTTGGCCCGCTGG,15;10;15;10;5;13;5;0;0;0;10;15;3;10;10;5;5;5;10;5;15;10;10
CGGTACCTTTACAAGCCACCCGG,CGGTTCCTATACAAGCCACCCGG,5;10;10;15;3;5;5;15;12;15;0;5;0;0;10;5;5;0;5;5;5;10;10
AGTTGCCCCCGACTACGCGCGGG,AGTTTCCCCCGACTACGCGCGGA,0;10;15;15;11;5;5;5;5;5;10;0;5;15;0;5;10;5;10;5;10;10;8
AGATCCCATCACGTGGGAGGTGG,AGATCCCATCACGTGGGAGGTTA,0;10;0;15;5;5;5;0;15;5;0;5;10;15;10;10;10;0;10;10;15;11;8
CCTAGGGAGGTTCATCCCGACGG,CCTAGGGAGGTTCATCCCGACCG,5;5;15;0;10;10;10;0;10;10;15;15;5;0;15;5;5;5;10;0;5;9;10
AGTCCCCCCTTTTATGGCGGTGG,AGTCCCCACTTTTAAGGCGGTGG,0;10;15;5;5;5;5;4;5;15;15;15;15;0;12;10;10;5;10;10;15;10;10
GGAACATTCCCTCCACAACCAGG,GGAACATTCCCTCTACAGCCAGG,10;10;0;0;5;0;15;15;5;5;5;15;5;7;0;5;0;2;5;5;0;10;10
GCCCCTCCACCTTCCCCCGCAGG,GCCCCTCCATCTTCCCCCGCAGG,10;5;5;5;5;15;5;5;0;7;5;15;15;5;5;5;5;5;10;5;0;10;10
TCTTCCTGACTTCACACCAAAGG,TCTTCCTGACTTCCCACCAGAGG,15;5;15;15;5;5;15;10;0;5;15;15;5;1;5;0;5;5;0;2;0;10;10
TGCTTTCTCCCCAATCCACGAGG,TGGTTTCTCCCCAATCCACGAGG,15;10;6;15;15;15;5;15;5;5;5;5;0;0;15;5;5;0;5;10;0;10;10
CTCCCTGGGCGGAATGGAAATGG,CTCCCGGGGCGGAATGGAAATGG,5;15;5;5;5;14;10;10;10;5;10;10;0;0;15;10;10;0;0;0;15;10;10
AGCCCACCTCCTTGCAGGAATGG,AGCCCACCTACTTGCAGGAATGG,0;10;5;5;5;0;5;5;15;4;5;15;15;10;5;0;10;10;0;0;15;10;10
AGATTCAAATTGGCCCGCCCCGG,AGATTCAAATTGGACCGCCCCGG,0;10;0;15;15;5;0;0;0;15;15;10;10;4;5;5;10;5;5;5;5;10;10
ATGAAGATGGCATCGCCCAATGG,ATGAAGATGCCATCGCCAAATGG,0;15;10;0;0;10;0;15;10;9;5;0;15;5;10;5;5;4;0;0;15;10;10
AGGGAGTTATGCCCCGCCACTGG,AGGGAGTTATGCCCCGCCACTAG,0;10;10;10;0;10;15;15;0;15;10;5;5;5;5;10;5;5;0;5;15;8;10
CTTGTTCCCGCCATTCCCAATGG,ATTGTTCCTGCCATTCCCAATGG,4;15;15;10;15;15;5;5;7;10;5;5;0;15;15;5;5;5;0;0;15;10;10
AGCGCCCCTACCATCCCAAAGGG,AGCGCGCCTACCATCCCAAAGGG,0;10;5;10;5;6;5;5;15;0;5;5;0;15;5;5;5;0;0;0;10;10;10
TCCGGCTTCAGACTTCAACGGGG,CCCGGCTTCAGACTTCAACGGTG,13;5;5;10;10;5;15;15;5;0;10;0;5;15;15;5;0;0;5;10;10;11;10
TTCCTGCCTACTTACAGGCATGG,TTCCTGTCTACTTAGAGGCATGG,15;15;5;5;15;10;7;5;15;0;5;15;15;0;6;0;10;10;5;0;15;10;10
CAAGGCTGCAATTCCCCGAAAGG,CAAGGTTGCAAGTCCCCGAAAGG,5;0;0;10;10;7;15;10;5;0;0;14;15;5;5;5;5;10;0;0;0;10;10
CAGAGTAGTCGATTGAGAAAAGG,CACAGTAGTCAATTGAGAAAAGG,5;0;9;0;10;15;0;10;15;5;8;0;15;15;10;0;10;0;0;0;0;10;10
TGTGGCTTCCCATGCCCGCAAGG,TGTGACTTCCCATGCTCGCAAGG,15;10;15;10;8;5;15;15;5;5;5;0;15;10;5;7;5;10;5;0;0;10;10
GCGGCGGTGACGTTCAGAAAAGG,GCGGCGGTGACGTCCAGAAAACG,10;5;10;10;5;10;10;15;10;0;5;10;15;13;5;0;10;0;0;0;0;9;10
AGCCTTTCCCAATACCGGCAGGG,AGCCTTGCCCAATACCGCCAGGG,0;10;5;5;15;15;14;5;5;5;0;0;15;0;5;5;10;9;5;0;10;10;10
TGAGAATAGTGCCACCCCCACGG,TGAGAATCCTGCCACCCCCACGG,15;10;0;10;0;0;15;1;9;15;10;5;5;0;5;5;5;5;5;0;5;10;10
CAGCACCCATTATCGCGCACCGG,CAGCACCCATTATCGCCCACCGG,5;0;10;5;0;5;5;5;0;15;15;0;15;5;10;5;9;5;0;5;5;10;10
CAAGCAACCCCAAGGGCGCAAGG,CGAGCAACCCCAAGGGCGCAAGG,5;2;0;10;5;0;0;5;5;5;5;0;0;10;10;10;5;10;5;0;0;10;10
TCCCATGTTAGGTACCCGCAAGG,TCCCATGTTAGGTACCTGCAAGG,15;5;5;5;0;15;10;15;15;0;10;10;15;0;5;5;7;10;5;0;0;10;10
CCTCCAGGCTGTGACCAAACTGG,CCTCCAGGCCGTGACCAAAGTGG,5;5;15;5;5;0;10;10;5;13;10;15;10;0;5;5;0;0;0;6;15;10;10
CCCCAGTGGACCATCACCGATGG,CCCCAGTGGACGATCACCGATAG,5;5;5;5;0;10;15;10;10;0;5;6;0;15;5;0;5;5;10;0;15;8;10
CGGCAGACACTTCAGAACGCAGG,CGGCAGACACTTCAGAACGAAGG,5;10;10;5;0;10;0;5;0;5;15;15;5;0;10;0;0;5;10;4;0;10;10
CTTGCAGCTTCACATGAAGCCGG,CTTGAAGCTTCACATGAAGCCGG,5;15;15;10;4;0;10;5;15;15;5;0;5;0;15;10;0;0;10;5;5;10;10
AGGATTAACGCTCAATAACCTGG,AGGCTTAACGCTCTATAACCTGG,0;10;10;1;15;15;0;0;5;10;5;15;5;3;0;15;0;0;5;5;15;10;10
GACCTCCCCCGACTAACAGGAGG,GACCTACCCCGACTAAAAGGAGG,10;0;5;5;15;4;5;5;5;5;10;0;5;15;0;0;4;0;10;10;0;10;10
TCTGTCGAGAATCCAACGCGAGG,TCTGTCGAGAATCCACCGCAAGG,15;5;15;10;15;5;10;0;10;0;0;15;5;5;0;1;5;10;5;8;0;10;10
TCTGTGAGAAGTGTTAAAGGCGG,TCGGTGAGACGTGTTAAAGGCGG,15;5;14;10;15;10;0;10;0;1;10;15;10;15;15;0;0;0;10;10;5;10;10
TTGTCTTTCTGTGTCCCACATGG,TTGTCTTTCTGTGTCCCACCTGT,15;15;10;15;5;15;15;15;5;15;10;15;10;15;5;5;5;0;5;1;15;10;11
TGGGGGAGAGGTGTGGAAAAGGG,TGGGGGAGAGGTGTGGAAACGGG,15;10;10;10;10;10;0;10;0;10;10;15;10;15;10;10;0;0;0;1;10;10;10
AACTTCACTGTGGCCGGGAGGGG,AACTGCACTGTGGCCGGGAGGGG,0;0;5;15;14;5;0;5;15;10;15;10;10;5;5;10;10;10;0;10;10;10;10
AGCAACCAAATTAGCAACCCTGG,AGCATCCAAATTCGCAACCCTGG,0;10;5;0;3;5;5;0;0;0;15;15;1;10;5;0;0;5;5;5;15;10;10
CTGTCCCGGGGTTCAACGGCCGG,CTGTCCCGGGGTTCAATGGCCGG,5;15;10;15;5;5;5;10;10;10;10;15;15;5;0;0;7;10;10;5;5;10;10
GAGGGAAGCCTGGGCGCCAAAGG,GAGGGAAGCCTGGCCGCCAAAGG,10;0;10;10;10;0;0;10;5;5;15;10;10;9;5;10;5;5;0;0;0;10;10
TACTGATTCTCTACCTGGGGAGG,TACTGATTCTCTACCTGCGGAGG,15;0;5;15;10;0;15;15;5;15;5;15;0;5;5;15;10;9;10;10;0;10;10
GGTGGTTATTCCCCATGGGGAGG,GCTGGTTATTCCCCATGGGGAGG,10;9;15;10;10;15;15;0;15;15;5;5;5;5;0;15;10;10;10;10;0;10;10
CTGGAATGAATTAAAGCGGAAGG,CTGGAATGAATTAAAGCGGAAGA,5;15;10;10;0;0;15;10;0;0;15;15;0;0;0;10;5;10;10;0;0;10;8
CGCTCCCCAAATAGGAACCCTGG,CGCTCCCCAAATAGGAACCCCGG,5;10;5;15;5;5;5;5;0;0;0;15;0;10;10;0;0;5;5;5;13;10;10
TCTTATTTCTGCCCTTCAGATGG,TCTTATTTCAGCCCTTCAGATGG,15;5;15;15;0;15;15;15;5;12;10;5;5;5;15;15;5;0;10;0;15;10;10
GCTGAAGTCCGTTAAGCCCGGGG,GCTGAAGTCCGGTCAGCCCGGGG,10;5;15;10;0;0;10;15;5;5;10;14;15;1;0;10;5;5;5;10;10;10;10
ATTCCACTCTGAACAAACCACGG,ATTCCAAGCTGAACAAACCACGG,0;15;15;5;5;0;4;14;5;15;10;0;0;5;0;0;0;5;5;0;5;10;10
CTAAGTGCCGACCTAAAAGATGG,CTATGTGCCGACCTAAAAGATGG,5;15;0;3;10;15;10;5;5;10;0;5;5;15;0;0;0;0;10;0;15;10;10
AGGTTCTCTTACCCTAGCAGTGG,CGGATCTCTTACCCTAGCAGTGG,1;10;10;12;15;5;15;5;15;15;0;5;5;5;15;0;10;5;0;10;15;10;10
TTAGTGGAGGTTACAGCCCAGGG,TTAGTGGAAGTTACAGCCCGGGG,15;15;0;10;15;10;10;0;8;10;15;15;0;5;0;10;5;5;5;2;10;10;10
CATCAAGTGACTGACCGGAAAGG,AATCAAGTGACTGACCGGAAAAG,4;0;15;5;0;0;10;15;10;0;5;15;10;0;5;5;10;10;0;0;0;8;10
GAACACCTTAGCTGACCGCCTGG,GAACACCTTAGCTGTCCGCCTGG,10;0;0;5;0;5;5;15;15;0;10;5;15;10;3;5;5;10;5;5;15;10;10
CAGCTAAATAACTGGCCGGATGG,CAGCTAATTAACTGGCCGGATGG,5;0;10;5;15;0;0;3;15;0;0;5;15;10;10;5;5;10;10;0;15;10;10
GCCCTTTCCCAAATCCCAGGAGG,GCCCTTTCCCAAATCCCAGGAGT,10;5;5;5;15;15;15;5;5;5;0;0;0;15;5;5;5;0;10;10;0;10;11
ATGATCTTCTTGAACAGCCCAGG,ATGATCTTCTTGAACAGGCCAGG,0;15;10;0;15;5;15;15;5;15;15;10;0;0;5;0;10;6;5;5;0;10;10
TCCTGAACGTTTTCCACGCCTGG,TCCTGACCGTTTTCCACGCCTGG,15;5;5;15;10;0;1;5;10;15;15;15;15;5;5;0;5;10;5;5;15;10;10
GATGTCTCCGAAGCCCCACCGGG,GATGTCGCCGAAGCCCCACCGGG,10;0;15;10;15;5;14;5;5;10;0;0;10;5;5;5;5;0;5;5;10;10;10
TGTTCCTTCCACCGCCAACGAGG,CGTTCCTTTCACCGCCAACGAGG,13;10;15;15;5;5;15;15;7;5;0;5;5;10;5;5;0;0;5;10;0;10;10
CCCTTTCACAAGGTGGGGGCCGG,CCCTTTCACAAGGTGGGAGCCGG,5;5;5;15;15;15;5;0;5;0;0;10;10;15;10;10;10;8;10;5;5;10;10
AGCCGTATTTCCCCCGTACCTGG,AGCCGTATTTCACCCGTACTTGG,0;10;5;5;10;15;0;15;15;15;5;4;5;5;5;10;15;0;5;7;15;10;10
AGGCAATTTCCACCTGAGGAGGG,AGGCAATTTCCACCTGAGGCAGG,0;10;10;5;0;0;15;15;15;5;5;0;5;5;15;10;0;10;10;1;8;10;10
CCGGCCTTACCCTCGACGGCTGG,CCGGCCTTACCCTAGAAGGCTGG,5;5;10;10;5;5;15;15;0;5;5;5;15;4;10;0;4;10;10;5;15;10;10
GGATCCCCCTCCGTCAAAAGGGG,GGATACCCCTCCGTCAAAACGGG,10;10;0;15;4;5;5;5;5;15;5;5;10;15;5;0;0;0;0;9;10;10;10
AGGAAGCTTATCAGCAAAACTGG,AGAAAGCTTATCACCAAAACTGG,0;10;8;0;0;10;5;15;15;0;15;5;0;9;5;0;0;0;0;5;15;10;10
GGTAAAGAAGCTTCCGCGACTGG,AGTAAAGAAGCTTCCGCAACTGG,8;10;15;0;0;0;10;0;0;10;5;15;15;5;5;10;5;8;0;5;15;10;10
TTGCATGGCTAAGAGCAGGAAGG,TTGCATGGCTAAGAGCAGCAAGG,15;15;10;5;0;15;10;10;5;15;0;0;10;0;10;5;0;10;9;0;0;10;10
